<Module>
	<Name value="MoreCompanionsForMyTavern"/>
	<Id value="MoreCompanionsForMyTavern"/>
	<Version value="v1.0.0"/>
	<SingleplayerModule value="true"/>
  <MultiplayerModule value="false"/>
  <DependedModules>
    <DependedModule Id="Native" />
    <DependedModule Id="SandBoxCore" />
    <DependedModule Id="Sandbox" />
    <DependedModule Id="CustomBattle" />
    <DependedModule Id="StoryMode" />
    <DependedModule Id="Bannerlord.MBOptionScreen"/>
  </DependedModules>
  <SubModules>
	<SubModule>
             <Name value="MoreCompanionsForMyTavern"/>
             <DLLName value="MoreCompanionsForMyTavern.dll"/>
             <SubModuleClassType value="MoreCompanionsForMyTavern.SubModule"/>
             <Tags>
                 <Tag key="DedicatedServerType" value="none" />
                 <Tag key="IsNoRenderModeElement" value="false" />
             </Tags>
         </SubModule>
  </SubModules>
</Module>